z,charge,jt_GeV,A_UT,A_UT_coarse,FUU_reduced,FUT_reduced
1.300000000000000044e-01,1.000000000000000000e+00,1.000000000000000056e-01,1.359326890444730864e-03,1.359324302668987391e-03,8.352458768349008871e-04,1.135372180514768446e-06
1.300000000000000044e-01,1.000000000000000000e+00,1.043221252497575080e-01,1.411262952400447069e-03,1.411260292810656482e-03,8.325247339157557103e-04,1.174911313932345922e-06
1.300000000000000044e-01,1.000000000000000000e+00,1.088310581662609300e-01,1.464569648270741108e-03,1.464566918589309480e-03,8.295746098441914452e-04,1.214969794553844695e-06
1.300000000000000044e-01,1.000000000000000000e+00,1.135348728108431654e-01,1.519198890066776175e-03,1.519196092613481121e-03,8.263773142116060538e-04,1.255431498526635529e-06
1.300000000000000044e-01,1.000000000000000000e+00,1.184419922158806843e-01,1.575088430827575750e-03,1.575085568588491117e-03,8.229134085202907158e-04,1.296161389333196494e-06
1.300000000000000044e-01,1.000000000000000000e+00,1.235612034677590898e-01,1.632160147283125921e-03,1.632157223982822923e-03,8.191621574855515245e-04,1.337003827610380922e-06
1.300000000000000044e-01,1.000000000000000000e+00,1.289016734417433585e-01,1.690318208290946238e-03,1.690315228467149022e-03,8.151014861194923579e-04,1.377780883592787928e-06
1.300000000000000044e-01,1.000000000000000000e+00,1.344729652169289191e-01,1.749447139671177513e-03,1.749444108750748596e-03,8.107079446222902486e-04,1.418290694828165030e-06
1.300000000000000044e-01,1.000000000000000000e+00,1.402850552006674190e-01,1.809409802072376285e-03,1.809406726447177318e-03,8.059566834738925330e-04,1.458305923123404727e-06
1.300000000000000044e-01,1.000000000000000000e+00,1.463483509931317317e-01,1.870045305885211775e-03,1.870042192985901710e-03,8.008214415299331210e-04,1.497572377585279996e-06
1.300000000000000044e-01,1.000000000000000000e+00,1.526737100240096179e-01,1.931166896159390621e-03,1.931163754524827230e-03,7.952745503808907133e-04,1.535807885053619611e-06
1.300000000000000044e-01,1.000000000000000000e+00,1.592724589946988845e-01,1.992559851131480483e-03,1.992556690470779872e-03,7.892869587315996891e-04,1.572701504990255151e-06
1.300000000000000044e-01,1.000000000000000000e+00,1.661564141608184442e-01,2.053979450466570777e-03,2.053976281710380609e-03,7.828282810954283535e-04,1.607913202614078053e-06
1.300000000000000044e-01,1.000000000000000000e+00,1.733379024913548339e-01,2.115149083726911884e-03,2.115145919063782676e-03,7.758668756666804982e-04,1.641074111160441011e-06
1.300000000000000044e-01,1.000000000000000000e+00,1.808297837423337162e-01,2.175758585890070259e-03,2.175755438783338793e-03,7.683699568244517844e-04,1.671787530700783501e-06
1.300000000000000044e-01,1.000000000000000000e+00,1.886454734845430248e-01,2.235462904802131348e-03,2.235459789982018573e-03,7.603037483145114184e-04,1.699630825739106241e-06
1.300000000000000044e-01,1.000000000000000000e+00,1.967989671265430451e-01,2.293881224943100389e-03,2.293878158368465540e-03,7.516336837285833312e-04,1.724158395139817720e-06
1.300000000000000044e-01,1.000000000000000000e+00,2.053048649759813549e-01,2.350596692236806874e-03,2.350593691020670152e-03,7.423246614202433803e-04,1.744905893700231659e-06
1.300000000000000044e-01,1.000000000000000000e+00,2.141783983840887806e-01,2.405156904980392148e-03,2.405153987273415950e-03,7.323413614206073776e-04,1.761395882223514711e-06
1.300000000000000044e-01,1.000000000000000000e+00,2.234354570201737278e-01,2.457075355037279928e-03,2.457072539863922912e-03,7.216486321899588836e-04,1.773145069150310575e-06
1.300000000000000044e-01,1.000000000000000000e+00,2.330926173249537325e-01,2.505834019506051041e-03,2.505831326549169246e-03,7.102119550943952623e-04,1.779673278135439648e-06
1.300000000000000044e-01,1.000000000000000000e+00,2.431671721936762010e-01,2.550887313884353351e-03,2.550884763215877007e-03,6.979979942450023058e-04,1.780514228636300134e-06
1.300000000000000044e-01,1.000000000000000000e+00,2.536771619421803736e-01,2.591667620445243549e-03,2.591665232203449985e-03,6.849752386797676755e-04,1.775228146893106239e-06
1.300000000000000044e-01,1.000000000000000000e+00,2.646414066113516039e-01,2.627592596689002670e-03,2.627590390706847478e-03,6.711147426878246499e-04,1.763416129415372977e-06
1.300000000000000044e-01,1.000000000000000000e+00,2.760795396678142333e-01,2.658074444337842415e-03,2.658072439732198176e-03,6.563909682385805347e-04,1.744736058169143307e-06
1.300000000000000044e-01,1.000000000000000000e+00,2.880120431612111509e-01,2.682531275019694669e-03,2.682529489758282010e-03,6.407827308399540985e-04,1.718919715970703795e-06
1.300000000000000044e-01,1.000000000000000000e+00,3.004602844010243468e-01,2.700400640042237461e-03,2.700399090513223247e-03,6.242742465599160047e-04,1.685790574972282783e-06
1.300000000000000044e-01,1.000000000000000000e+00,3.134465542186142262e-01,2.711155194329758697e-03,2.711153894948806469e-03,6.068562732581026875e-04,1.645281537455304551e-06
1.300000000000000044e-01,1.000000000000000000e+00,3.269941068829917974e-01,2.714320335529055161e-03,2.714319298429115380e-03,5.885273331635654595e-04,1.597451708420549002e-06
1.300000000000000044e-01,1.000000000000000000e+00,3.411272017418006119e-01,2.709493497225405698e-03,2.709492732085323329e-03,5.692949967155710002e-04,1.542501091603798214e-06
1.300000000000000044e-01,1.000000000000000000e+00,3.558711466620742558e-01,2.696364581900897398e-03,2.696364095978447985e-03,5.491771990399761010e-04,1.480781948678931028e-06
1.300000000000000044e-01,1.000000000000000000e+00,3.712523433485573343e-01,2.674736800769089966e-03,2.674736599210914001e-03,5.282035506501539307e-04,1.412805475220866706e-06
1.300000000000000044e-01,1.000000000000000000e+00,3.872983346207417577e-01,2.644546955618499486e-03,2.644547042120892408e-03,5.064165931682845486e-04,1.339242459737879193e-06
1.300000000000000044e-01,1.000000000000000000e+00,4.040378537332751097e-01,2.605883970759961376e-03,2.605884348647858999e-03,4.838729394786653727e-04,1.260916736871959019e-06
1.300000000000000044e-01,1.000000000000000000e+00,4.215008758280593404e-01,2.559004286988598390e-03,2.559004960762107164e-03,4.606442264023698501e-04,1.178790550140210918e-06
1.300000000000000044e-01,1.000000000000000000e+00,4.397186716101729176e-01,2.504342597130611563e-03,2.504343574495284698e-03,4.368177976491684927e-04,1.093941417837592572e-06
1.300000000000000044e-01,1.000000000000000000e+00,4.587238633437344948e-01,2.442516372543090172e-03,2.442517666889238662e-03,4.124970266832086530e-04,1.007530741299081098e-06
1.300000000000000044e-01,1.000000000000000000e+00,4.785504832679771670e-01,2.374322741682171733e-03,2.374324374907519665e-03,3.878011847521440941e-04,9.207651722083051103e-07
1.300000000000000044e-01,1.000000000000000000e+00,4.992340345381389710e-01,2.300726570744547443e-03,2.300728576224010061e-03,3.628647604383173101e-04,8.348525959272915735e-07
1.300000000000000044e-01,1.000000000000000000e+00,5.208115548002949513e-01,2.222839084562463260e-03,2.222841509961936534e-03,3.378361455917928491e-04,7.509553885993718902e-07
1.300000000000000044e-01,1.000000000000000000e+00,5.433216825139731698e-01,2.141887052430510759e-03,2.141889961946090177e-03,3.128756202388394570e-04,6.701442400107357380e-07
1.300000000000000044e-01,1.000000000000000000e+00,5.668047261413169391e-01,2.059173414249691053e-03,2.059176889742026385e-03,2.881525975317272923e-04,5.933561680843239664e-07
1.300000000000000044e-01,1.000000000000000000e+00,5.913027363266896153e-01,1.976031162633453200e-03,1.976035303036418993e-03,2.638421298212293136e-04,5.213602705423302926e-07
1.300000000000000044e-01,1.000000000000000000e+00,6.168595811959725062e-01,1.893773210062926976e-03,1.893778128396926812e-03,2.401207281641993998e-04,4.547342021781633672e-07
1.300000000000000044e-01,1.000000000000000000e+00,6.435210249103920921e-01,1.813641707575489254e-03,1.813647524911000128e-03,2.171616081168720744e-04,3.938533497649230773e-07
1.300000000000000044e-01,1.000000000000000000e+00,6.713348096155424827e-01,1.736760682429680210e-03,1.736767518245452150e-03,1.951295406429401336e-04,3.388933141692227205e-07
1.300000000000000044e-01,1.000000000000000000e+00,7.003507409323472821e-01,1.664095789768453093e-03,1.664103748344161488e-03,1.741755523663695139e-04,2.898448033734702325e-07
1.300000000000000044e-01,1.000000000000000000e+00,7.306207771430480724e-01,1.596424356972714559e-03,1.596433509751994488e-03,1.544317761916241436e-04,2.465386490028677414e-07
1.300000000000000044e-01,1.000000000000000000e+00,7.621991222319222103e-01,1.534317775987530195e-03,1.534328140237712019e-03,1.360067920590521742e-04,2.086776387112434226e-07
1.300000000000000044e-01,1.000000000000000000e+00,7.951423229473382204e-01,1.478136836047987471e-03,1.478148350614981801e-03,1.189818086157397743e-04,1.758713941345367578e-07
1.300000000000000044e-01,1.000000000000000000e+00,8.295093700589535324e-01,1.428039074490615587e-03,1.428051573987775989e-03,1.034080116412422744e-04,1.476706812390744209e-07
1.300000000000000044e-01,1.000000000000000000e+00,8.653618039913759663e-01,1.383996007757921443e-03,1.384009197127250351e-03,8.930533949788852812e-05,1.235982333365435451e-07
1.300000000000000044e-01,1.000000000000000000e+00,9.027638250234443218e-01,1.345817504020781078e-03,1.345830936048813013e-03,7.666284062620833746e-05,1.031741928227066404e-07
1.300000000000000044e-01,1.000000000000000000e+00,9.417824082504592242e-01,1.313180736556791416e-03,1.313193795565114263e-03,6.544063126851665051e-05,8.593537636993209303e-08
1.300000000000000044e-01,1.000000000000000000e+00,9.824874235152266655e-01,1.285662033673400789e-03,1.285673929082325161e-03,5.557331871310312789e-05,7.144850595466822746e-08
1.300000000000000044e-01,1.000000000000000000e+00,1.024951760522670341e+00,1.262771180197858577e-03,1.262780953649622400e-03,4.697460791618124929e-05,5.931818107764786461e-08
1.300000000000000044e-01,1.000000000000000000e+00,1.069251459362054568e+00,1.243988827956315829e-03,1.243995376636825587e-03,3.954269139897361140e-05,4.919066632764747111e-08
1.300000000000000044e-01,1.000000000000000000e+00,1.115465846670542716e+00,1.228808160785649405e-03,1.228810276857244697e-03,3.316595528281567913e-05,4.075459651177582467e-08
1.300000000000000044e-01,1.000000000000000000e+00,1.163677677681911549e+00,1.216781580747459349e-03,1.216778002012975897e-03,2.772853146213259256e-05,3.373956634429935538e-08
1.300000000000000044e-01,1.000000000000000000e+00,1.213973284414793241e+00,1.207572028094518754e-03,1.207561488623769708e-03,2.311528772770345372e-05,2.791337488133120055e-08
1.300000000000000044e-01,1.000000000000000000e+00,1.266442730265795458e+00,1.201007030160922183e-03,1.200988293548503269e-03,1.921596024886952265e-05,2.307850335018512044e-08
1.300000000000000044e-01,1.000000000000000000e+00,1.321179971284331733e+00,1.197132299220413911e-03,1.197104154948425451e-03,1.592827041702699428e-05,1.906824698694002753e-08
1.300000000000000044e-01,1.000000000000000000e+00,1.378283024417950919e+00,1.196261373339126220e-03,1.196222582842613406e-03,1.315999969054323075e-05,1.574279930295172251e-08
1.300000000000000044e-01,1.000000000000000000e+00,1.437854143029440479e+00,1.199019303969313215e-03,1.198968501363598983e-03,1.083009506897320462e-05,1.298549305152174364e-08
1.300000000000000044e-01,1.000000000000000000e+00,1.500000000000000000e+00,1.206383097036382726e-03,1.206318682258321513e-03,8.868930877557700045e-06,1.069932829946966223e-08
1.300000000000000044e-01,-1.000000000000000000e+00,1.000000000000000056e-01,-2.451479335791869035e-03,-2.451469482799062405e-03,7.411195073967932452e-04,-1.816839157735487782e-06
1.300000000000000044e-01,-1.000000000000000000e+00,1.043221252497575080e-01,-2.544614452996945241e-03,-2.544604256218854516e-03,7.387594547701808968e-04,-1.879857985896345454e-06
1.300000000000000044e-01,-1.000000000000000000e+00,1.088310581662609300e-01,-2.640132873452753163e-03,-2.640122328445308666e-03,7.362006058741468652e-04,-1.943667421024169240e-06
1.300000000000000044e-01,-1.000000000000000000e+00,1.135348728108431654e-01,-2.737936474154908321e-03,-2.737925577536210256e-03,7.334271314197568416e-04,-2.008076894248957517e-06
1.300000000000000044e-01,-1.000000000000000000e+00,1.184419922158806843e-01,-2.837900368696296121e-03,-2.837889118328313851e-03,7.304221090861553588e-04,-2.072865172679526638e-06
1.300000000000000044e-01,-1.000000000000000000e+00,1.235612034677590898e-01,-2.939869718153406870e-03,-2.939858113342846881e-03,7.271674794147883845e-04,-2.137777652757477347e-06
1.300000000000000044e-01,-1.000000000000000000e+00,1.289016734417433585e-01,-3.043656338655568918e-03,-3.043644380374728540e-03,7.236440064213383542e-04,-2.202523667074417846e-06
1.300000000000000044e-01,-1.000000000000000000e+00,1.344729652169289191e-01,-3.149035127881995039e-03,-3.149022819010471440e-03,7.198312446428571740e-04,-2.266773875527375249e-06
1.300000000000000044e-01,-1.000000000000000000e+00,1.402850552006674190e-01,-3.255740344363574137e-03,-3.255727689951264450e-03,7.157075146526917708e-04,-2.330157830218952371e-06
1.300000000000000044e-01,-1.000000000000000000e+00,1.463483509931317317e-01,-3.363461787705827096e-03,-3.363448795257392276e-03,7.112498894294344608e-04,-2.392261824605897445e-06
1.300000000000000044e-01,-1.000000000000000000e+00,1.526737100240096179e-01,-3.471840945014853606e-03,-3.471827624795353288e-03,7.064341943588530468e-04,-2.452627160933647023e-06
1.300000000000000044e-01,-1.000000000000000000e+00,1.592724589946988845e-01,-3.580467189182199358e-03,-3.580453554543071119e-03,7.012350240788545012e-04,-2.510748995619728175e-06
1.300000000000000044e-01,-1.000000000000000000e+00,1.661564141608184442e-01,-3.688874138482808526e-03,-3.688860206206655886e-03,6.956257798441348606e-04,-2.566075949328964921e-06
1.300000000000000044e-01,-1.000000000000000000e+00,1.733379024913548339e-01,-3.796536314259036423e-03,-3.796522104920892378e-03,6.895787315838786992e-04,-2.618010695998880234e-06
1.300000000000000044e-01,-1.000000000000000000e+00,1.808297837423337162e-01,-3.902866264222287773e-03,-3.902851802564202745e-03,6.830651093434012564e-04,-2.665911771523669007e-06
1.300000000000000044e-01,-1.000000000000000000e+00,1.886454734845430248e-01,-4.007212352760859166e-03,-4.007197668075375939e-03,6.760552293254052953e-04,-2.709096866101339332e-06
1.300000000000000044e-01,-1.000000000000000000e+00,1.967989671265430451e-01,-4.108857455900549564e-03,-4.108842582417567002e-03,6.685186602588016240e-04,-2.746847881613023630e-06
1.300000000000000044e-01,-1.000000000000000000e+00,2.053048649759813549e-01,-4.207018836053703567e-03,-4.207003813323979304e-03,6.604244362961770882e-04,-2.778418043288165971e-06
1.300000000000000044e-01,-1.000000000000000000e+00,2.141783983840887806e-01,-4.300849508637731577e-03,-4.300834381904796756e-03,6.517413230392007017e-04,-2.803041348952051644e-06
1.300000000000000044e-01,-1.000000000000000000e+00,2.234354570201737278e-01,-4.389441446522165599e-03,-4.389426267073051266e-03,6.424381435688546714e-04,-2.819944614207887871e-06
1.300000000000000044e-01,-1.000000000000000000e+00,2.330926173249537325e-01,-4.471830995661450411e-03,-4.471815821145452494e-03,6.324841714562897017e-04,-2.828362322183487462e-06
1.300000000000000044e-01,-1.000000000000000000e+00,2.431671721936762010e-01,-4.547006891760204880e-03,-4.546991786463401575e-03,6.218495975791716408e-04,-2.827554405830803719e-06
1.300000000000000044e-01,-1.000000000000000000e+00,2.536771619421803736e-01,-4.613921267873990345e-03,-4.613906302936759095e-03,6.105060770819107589e-04,-2.816826973214546017e-06
1.300000000000000044e-01,-1.000000000000000000e+00,2.646414066113516039e-01,-4.671504019854474769e-03,-4.671489273418211706e-03,5.984273618956742436e-04,-2.795555826686550723e-06
1.300000000000000044e-01,-1.000000000000000000e+00,2.760795396678142333e-01,-4.718680842921129867e-03,-4.718666400190657355e-03,5.855900227613981086e-04,-2.763212422209957474e-06
1.300000000000000044e-01,-1.000000000000000000e+00,2.880120431612111509e-01,-4.754395160166471034e-03,-4.754381113375105543e-03,5.719742625503180166e-04,-2.719391665609018282e-06
1.300000000000000044e-01,-1.000000000000000000e+00,3.004602844010243468e-01,-4.777634024213126517e-03,-4.777620472478476266e-03,5.575648197199222335e-04,-2.663840653398158632e-06
1.300000000000000044e-01,-1.000000000000000000e+00,3.134465542186142262e-01,-4.787457879149096575e-03,-4.787444928209910050e-03,5.423519568482768798e-04,-2.596487149085213963e-06
1.300000000000000044e-01,-1.000000000000000000e+00,3.269941068829917974e-01,-4.783033816090777324e-03,-4.783021577917565513e-03,5.263325242400616411e-04,-2.517466261948633642e-06
1.300000000000000044e-01,-1.000000000000000000e+00,3.411272017418006119e-01,-4.763671641035804004e-03,-4.763660233311135458e-03,5.095110825081973580e-04,-2.427143494537753302e-06
1.300000000000000044e-01,-1.000000000000000000e+00,3.558711466620742558e-01,-4.728861702974512804e-03,-4.728851248441739465e-03,4.919010607745355696e-04,-2.326132087949239422e-06
1.300000000000000044e-01,-1.000000000000000000e+00,3.712523433485573343e-01,-4.678313017001862507e-03,-4.678303642683437694e-03,4.735259187536090299e-04,-2.215302469592775415e-06
1.300000000000000044e-01,-1.000000000000000000e+00,3.872983346207417577e-01,-4.611989785906626602e-03,-4.611981622193704784e-03,4.544202716546672156e-04,-2.095781651380239810e-06
1.300000000000000044e-01,-1.000000000000000000e+00,4.040378537332751097e-01,-4.530144011939575902e-03,-4.530137191552316596e-03,4.346309268856914944e-04,-1.968940690834963061e-06
1.300000000000000044e-01,-1.000000000000000000e+00,4.215008758280593404e-01,-4.433341549629103880e-03,-4.433336206440607191e-03,4.142177714927123612e-04,-1.836368856953415631e-06
1.300000000000000044e-01,-1.000000000000000000e+00,4.397186716101729176e-01,-4.322478744907501391e-03,-4.322475012611845697e-03,3.932544398764563310e-04,-1.699833957706487578e-06
1.300000000000000044e-01,-1.000000000000000000e+00,4.587238633437344948e-01,-4.198786808487195085e-03,-4.198784819072401593e-03,3.718286836130254994e-04,-1.561229371771530448e-06
1.300000000000000044e-01,-1.000000000000000000e+00,4.785504832679771670e-01,-4.063821356233105961e-03,-4.063821238192093233e-03,3.500423604448399438e-04,-1.422509619961987168e-06
1.300000000000000044e-01,-1.000000000000000000e+00,4.992340345381389710e-01,-3.919435178430624202e-03,-3.919437054606908846e-03,3.280109592100506339e-04,-1.285617692438644944e-06
1.300000000000000044e-01,-1.000000000000000000e+00,5.208115548002949513e-01,-3.767733307309870799e-03,-3.767737292230498650e-03,3.058625832956476292e-04,-1.152408642542851324e-06
1.300000000000000044e-01,-1.000000000000000000e+00,5.433216825139731698e-01,-3.611010824428869358e-03,-3.611017020928012147e-03,2.837363287790714951e-04,-1.024574954504935709e-06
1.300000000000000044e-01,-1.000000000000000000e+00,5.668047261413169391e-01,-3.451675507108785054e-03,-3.451684001993926294e-03,2.617800161809047377e-04,-9.035796701021703475e-07
1.300000000000000044e-01,-1.000000000000000000e+00,5.913027363266896153e-01,-3.292159198421042415e-03,-3.292170056886694653e-03,2.401472675659233459e-04,-7.906030358928338154e-07
1.300000000000000044e-01,-1.000000000000000000e+00,6.168595811959725062e-01,-3.134823463179270669e-03,-3.134836721635790840e-03,2.189939635737796404e-04,-6.865074153057109370e-07
1.300000000000000044e-01,-1.000000000000000000e+00,6.435210249103920921e-01,-2.981866371248849488e-03,-2.981882028215402606e-03,1.984741665050411433e-04,-5.918234426630270106e-07
1.300000000000000044e-01,-1.000000000000000000e+00,6.713348096155424827e-01,-2.835237826253821439e-03,-2.835255830973528336e-03,1.787356528489476067e-04,-5.067580838575078337e-07
1.300000000000000044e-01,-1.000000000000000000e+00,7.003507409323472821e-01,-2.696570487004280783e-03,-2.696590725488683029e-03,1.599152567615646765e-04,-4.312227618049470857e-07
1.300000000000000044e-01,-1.000000000000000000e+00,7.306207771430480724e-01,-2.567131904688996300e-03,-2.567154183006838727e-03,1.421342783075129452e-04,-3.648774405931616089e-07
1.300000000000000044e-01,-1.000000000000000000e+00,7.621991222319222103e-01,-2.447801128205846864e-03,-2.447825153027354938e-03,1.254942486911568621e-04,-3.071849635295588897e-07
1.300000000000000044e-01,-1.000000000000000000e+00,7.951423229473382204e-01,-2.339070068963073051e-03,-2.339095425701705460e-03,1.100733606651604582e-04,-2.574693033220541041e-07
1.300000000000000044e-01,-1.000000000000000000e+00,8.295093700589535324e-01,-2.241066937728238700e-03,-2.241093067150727244e-03,9.592385817454789987e-05,-2.149717870943119529e-07
1.300000000000000044e-01,-1.000000000000000000e+00,8.653618039913759663e-01,-2.153596741706757019e-03,-2.153622916679249003e-03,8.307063012801954918e-05,-1.789006383752300688e-07
1.300000000000000044e-01,-1.000000000000000000e+00,9.027638250234443218e-01,-2.076192741447964365e-03,-2.076218046585249447e-03,7.151116860144428886e-05,-1.484709691827802072e-07
1.300000000000000044e-01,-1.000000000000000000e+00,9.417824082504592242e-01,-2.008173192784007757e-03,-2.008196511092441225e-03,6.121693743781551585e-05,-1.229342127069568412e-07
1.300000000000000044e-01,-1.000000000000000000e+00,9.824874235152266655e-01,-1.948699461685062277e-03,-1.948719473526277666e-03,5.213606537498810078e-05,-1.015975225306165312e-07
1.300000000000000044e-01,-1.000000000000000000e+00,1.024951760522670341e+00,-1.896834059841766111e-03,-1.896849260032798393e-03,4.419714643038827903e-05,-8.383465269697442089e-08
1.300000000000000044e-01,-1.000000000000000000e+00,1.069251459362054568e+00,-1.851599383313016741e-03,-1.851608120896991016e-03,3.731382019220514171e-05,-6.909024645693983548e-08
1.300000000000000044e-01,-1.000000000000000000e+00,1.115465846670542716e+00,-1.812039064316462627e-03,-1.812039605358803981e-03,3.138973551022316162e-05,-5.687942696308601607e-08
1.300000000000000044e-01,-1.000000000000000000e+00,1.163677677681911549e+00,-1.777283365362594507e-03,-1.777273971479550888e-03,2.632348614699801231e-05,-4.678429404741226390e-08
1.300000000000000044e-01,-1.000000000000000000e+00,1.213973284414793241e+00,-1.746618028273739815e-03,-1.746597033483727416e-03,2.201314887093173351e-05,-3.844856267704308469e-08
1.300000000000000044e-01,-1.000000000000000000e+00,1.266442730265795458e+00,-1.719553056178172324e-03,-1.719518915582449224e-03,1.836014312052545468e-05,-3.157124021476819057e-08
1.300000000000000044e-01,-1.000000000000000000e+00,1.321179971284331733e+00,-1.695885031454450647e-03,-1.695836313251696112e-03,1.527224540558989782e-05,-2.589997238003891234e-08
1.300000000000000044e-01,-1.000000000000000000e+00,1.378283024417950919e+00,-1.675744927390253195e-03,-1.675680231895362209e-03,1.266570404025341528e-05,-2.122448929728089599e-08
1.300000000000000044e-01,-1.000000000000000000e+00,1.437854143029440479e+00,-1.659624309883141885e-03,-1.659542130867847770e-03,1.046648645487005601e-05,-1.737043535956496902e-08
1.300000000000000044e-01,-1.000000000000000000e+00,1.500000000000000000e+00,-1.648378017267516232e-03,-1.648276613284150628e-03,8.610739688742999901e-06,-1.419375401533689693e-08
3.699999999999999956e-01,1.000000000000000000e+00,1.000000000000000056e-01,5.955119412088405971e-03,5.956313584749718670e-03,5.479611352833725245e-05,3.263173993796012707e-07
3.699999999999999956e-01,1.000000000000000000e+00,1.043221252497575080e-01,6.181603213080845427e-03,6.182837643884850007e-03,5.465126701997599076e-05,3.378324478096228214e-07
3.699999999999999956e-01,1.000000000000000000e+00,1.088310581662609300e-01,6.413939781837939454e-03,6.415214782216211754e-03,5.449419702608806175e-05,3.495224981849409400e-07
3.699999999999999956e-01,1.000000000000000000e+00,1.135348728108431654e-01,6.651905075693397354e-03,6.653220801580553290e-03,5.432392592357240135e-05,3.613575985826033660e-07
3.699999999999999956e-01,1.000000000000000000e+00,1.184419922158806843e-01,6.895213149642219486e-03,6.896569577257044212e-03,5.413940771363474945e-05,3.733027559808957337e-07
3.699999999999999956e-01,1.000000000000000000e+00,1.235612034677590898e-01,7.143509060388333366e-03,7.144905959740478936e-03,5.393952506494735158e-05,3.853174860144950081e-07
3.699999999999999956e-01,1.000000000000000000e+00,1.289016734417433585e-01,7.396361404458234000e-03,7.397798310544672143e-03,5.372308660019796042e-05,3.973553642580715338e-07
3.699999999999999956e-01,1.000000000000000000e+00,1.344729652169289191e-01,7.653254566705332794e-03,7.654730748408397970e-03,5.348882452323808353e-05,4.093635905501720467e-07
3.699999999999999956e-01,1.000000000000000000e+00,1.402850552006674190e-01,7.913580786663503355e-03,7.915095213425328222e-03,5.323539270201363578e-05,4.212825808571415572e-07
3.699999999999999956e-01,1.000000000000000000e+00,1.463483509931317317e-01,8.176632187675952554e-03,8.178183494103924769e-03,5.296136534259008704e-05,4.330456045634877862e-07
3.699999999999999956e-01,1.000000000000000000e+00,1.526737100240096179e-01,8.441592958120847784e-03,8.443179406777958848e-03,5.266523641188348271e-05,4.445784888323252746e-07
3.699999999999999956e-01,1.000000000000000000e+00,1.592724589946988845e-01,8.707531925805979747e-03,8.709151368563228593e-03,5.234541999113733504e-05,4.557994157425508912e-07
3.699999999999999956e-01,1.000000000000000000e+00,1.661564141608184442e-01,8.973395825877240189e-03,8.975045664352235622e-03,5.200025176852258497e-05,4.666188421642261494e-07
3.699999999999999956e-01,1.000000000000000000e+00,1.733379024913548339e-01,9.238003629119639903e-03,9.239680774901483373e-03,5.162799190717262844e-05,4.769395766026201395e-07
3.699999999999999956e-01,1.000000000000000000e+00,1.808297837423337162e-01,9.500042370481612611e-03,9.501743206046724816e-03,5.122682955392084304e-05,4.866570512676877043e-07
3.699999999999999956e-01,1.000000000000000000e+00,1.886454734845430248e-01,9.758064995352909790e-03,9.759785336810683498e-03,5.079488928317560332e-05,4.956598310569825022e-07
3.699999999999999956e-01,1.000000000000000000e+00,1.967989671265430451e-01,1.001049082081929137e-02,1.001222588388971622e-02,5.033023979859045676e-05,5.038304035134235270e-07
3.699999999999999956e-01,1.000000000000000000e+00,2.053048649759813549e-01,1.025560928666130120e-02,1.025735365757473976e-02,4.983090524090858219e-05,5.110462945514013658e-07
3.699999999999999956e-01,1.000000000000000000e+00,2.141783983840887806e-01,1.049158774039193887e-02,1.049333535370736321e-02,4.929487947153304736e-05,5.171815531276344168e-07
3.699999999999999956e-01,1.000000000000000000e+00,2.234354570201737278e-01,1.071648405422535519e-02,1.071822817987791270e-02,4.872014371538703806e-05,5.221086432455128791e-07
3.699999999999999956e-01,1.000000000000000000e+00,2.330926173249537325e-01,1.092826489928039151e-02,1.092999814147431817e-02,4.810468795022668475e-05,5.257007728172986467e-07
3.699999999999999956e-01,1.000000000000000000e+00,2.431671721936762010e-01,1.112483049076675237e-02,1.112654480160499976e-02,4.744653641879144497e-05,5.278346750330461966e-07
3.699999999999999956e-01,1.000000000000000000e+00,2.536771619421803736e-01,1.130404655208206398e-02,1.130573326303861877e-02,4.674377761033487056e-05,5.283938381273967012e-07
3.699999999999999956e-01,1.000000000000000000e+00,2.646414066113516039e-01,1.146378410816650643e-02,1.146543398262545727e-02,4.599459900375833836e-05,5.272721531207758974e-07
3.699999999999999956e-01,1.000000000000000000e+00,2.760795396678142333e-01,1.160196749021194865e-02,1.160357080027138096e-02,4.519732677973771734e-05,5.243779159430028868e-07
3.699999999999999956e-01,1.000000000000000000e+00,2.880120431612111509e-01,1.171663059599955398e-02,1.171817722651821714e-02,4.435047058742871230e-05,5.196380806316455281e-07
3.699999999999999956e-01,1.000000000000000000e+00,3.004602844010243468e-01,1.180598098609903640e-02,1.180746056848819628e-02,4.345277328599986613e-05,5.130026152077865631e-07
3.699999999999999956e-01,1.000000000000000000e+00,3.134465542186142262e-01,1.186847079474196397e-02,1.186987287221630792e-02,4.250326536625953435e-05,5.044487636806188790e-07
3.699999999999999956e-01,1.000000000000000000e+00,3.269941068829917974e-01,1.190287269403015116e-02,1.190418691887284823e-02,4.150132348806833088e-05,4.939849701122407160e-07
3.699999999999999956e-01,1.000000000000000000e+00,3.411272017418006119e-01,1.190835828506576523e-02,1.190957464689079010e-02,4.044673224230443471e-05,4.816541790014826191e-07
3.699999999999999956e-01,1.000000000000000000e+00,3.558711466620742558e-01,1.188457533466265141e-02,1.188568441665428105e-02,3.933974786260259260e-05,4.675361971197345509e-07
3.699999999999999956e-01,1.000000000000000000e+00,3.712523433485573343e-01,1.183171929405745816e-02,1.183271255175056234e-02,3.818116217766120572e-05,4.517487932069709333e-07
3.699999999999999956e-01,1.000000000000000000e+00,3.872983346207417577e-01,1.175059362167502237e-02,1.175146367608541180e-02,3.697236462219122283e-05,4.344472319077634526e-07
3.699999999999999956e-01,1.000000000000000000e+00,4.040378537332751097e-01,1.164265271587894106e-02,1.164339364984308053e-02,3.571539963479835694e-05,4.158219945567868451e-07
3.699999999999999956e-01,1.000000000000000000e+00,4.215008758280593404e-01,1.151002090889289946e-02,1.151062855255764218e-02,3.441301629592086815e-05,3.960945371041212493e-07
3.699999999999999956e-01,1.000000000000000000e+00,4.397186716101729176e-01,1.135548116573563936e-02,1.135595335456739130e-02,3.306870664170726882e-05,3.755110754451439651e-07
3.699999999999999956e-01,1.000000000000000000e+00,4.587238633437344948e-01,1.118242806097006874e-02,1.118276484782358693e-02,3.168672878572871337e-05,3.543345651338808231e-07
3.699999999999999956e-01,1.000000000000000000e+00,4.785504832679771670e-01,1.099478143102011231e-02,1.099498523317606231e-02,3.027211085573287187e-05,3.328352423143941255e-07
3.699999999999999956e-01,1.000000000000000000e+00,4.992340345381389710e-01,1.079685990688736275e-02,1.079693556999293015e-02,2.883063188061519427e-05,3.112802934420428009e-07
3.699999999999999956e-01,1.000000000000000000e+00,5.208115548002949513e-01,1.059321727988677721e-02,1.059317204380852244e-02,2.736877621771716674e-05,2.899233931588757640e-07
3.699999999999999956e-01,1.000000000000000000e+00,5.433216825139731698e-01,1.038844911617939001e-02,1.038829247312208007e-02,2.589365895801722561e-05,2.689949585170646063e-07
3.699999999999999956e-01,1.000000000000000000e+00,5.668047261413169391e-01,1.018698175949396545e-02,1.018672520228941329e-02,2.441292103039996379e-05,2.486939812326510727e-07
3.699999999999999956e-01,1.000000000000000000e+00,5.913027363266896153e-01,9.992860146365028715e-03,9.992516814125362509e-03,2.293459445173048636e-05,2.291821948697420687e-07
3.699999999999999956e-01,1.000000000000000000e+00,6.168595811959725062e-01,9.809553804898540549e-03,9.809138043323353817e-03,2.146694028772727219e-05,2.105811057790048280e-07
3.699999999999999956e-01,1.000000000000000000e+00,6.435210249103920921e-01,9.639801049703916255e-03,9.639327912837652307e-03,2.001826428120173759e-05,1.929720850311789185e-07
3.699999999999999956e-01,1.000000000000000000e+00,6.713348096155424827e-01,9.485508933704438553e-03,9.484993661164457107e-03,1.859671757041668025e-05,1.763993306517657234e-07
3.699999999999999956e-01,1.000000000000000000e+00,7.003507409323472821e-01,9.347720708281900479e-03,9.347178215264598938e-03,1.721009218543818677e-05,1.608751351132610399e-07
3.699999999999999956e-01,1.000000000000000000e+00,7.306207771430480724e-01,9.226653996003168420e-03,9.226098411615767797e-03,1.586562274085933196e-05,1.463866114610285098e-07
3.699999999999999956e-01,1.000000000000000000e+00,7.621991222319222103e-01,9.121803261789960746e-03,9.121247544436472329e-03,1.456980658729724006e-05,1.329029092516568203e-07
3.699999999999999956e-01,1.000000000000000000e+00,7.951423229473382204e-01,9.032091865574933681e-03,9.031547513634533356e-03,1.332825433156706100e-05,1.203820175304607171e-07
3.699999999999999956e-01,1.000000000000000000e+00,8.295093700589535324e-01,8.956054086197972122e-03,8.955530950551397751e-03,1.214558089297316119e-05,1.087764793857602956e-07
3.699999999999999956e-01,1.000000000000000000e+00,8.653618039913759663e-01,8.892026438675121325e-03,8.891532633247271195e-03,1.102534412981658763e-05,9.803765149782063772e-08
3.699999999999999956e-01,1.000000000000000000e+00,9.027638250234443218e-01,8.838328512012643551e-03,8.837870410519857098e-03,9.970033794266683902e-06,8.811843394959683599e-08
3.699999999999999956e-01,1.000000000000000000e+00,9.417824082504592242e-01,8.793414064951111594e-03,8.792996365859846730e-03,8.981108665888811853e-06,7.897460726148098448e-08
3.699999999999999956e-01,1.000000000000000000e+00,9.824874235152266655e-01,8.755974355064727321e-03,8.755600191973968507e-03,8.059074896894132260e-06,7.056505312275093335e-08
3.699999999999999956e-01,1.000000000000000000e+00,1.024951760522670341e+00,8.724984201359793287e-03,8.724655275439099911e-03,7.203594688140326411e-06,6.285124984702367100e-08
3.699999999999999956e-01,1.000000000000000000e+00,1.069251459362054568e+00,8.699702023144770952e-03,8.699418743285117911e-03,6.413612128646143671e-06,5.579651441124870077e-08
3.699999999999999956e-01,1.000000000000000000e+00,1.115465846670542716e+00,8.679656421102886071e-03,8.679418055458446371e-03,5.687482816240265656e-06,4.936539674589214389e-08
3.699999999999999956e-01,1.000000000000000000e+00,1.163677677681911549e+00,8.664644267755866949e-03,8.664449121670685094e-03,5.023095746912583822e-06,4.352333776987499249e-08
3.699999999999999956e-01,1.000000000000000000e+00,1.213973284414793241e+00,8.654719831908616601e-03,8.654565452284726512e-03,4.417979457879174679e-06,3.823637443107177508e-08
3.699999999999999956e-01,1.000000000000000000e+00,1.266442730265795458e+00,8.650130862184001942e-03,8.650014239702073435e-03,3.869388703762796323e-06,3.347071864420471263e-08
3.699999999999999956e-01,1.000000000000000000e+00,1.321179971284331733e+00,8.651231828851366559e-03,8.651149579103799975e-03,3.374372057877618887e-06,2.919247494949754333e-08
3.699999999999999956e-01,1.000000000000000000e+00,1.378283024417950919e+00,8.658497521303598621e-03,8.658446082884213579e-03,2.929823915815155206e-06,2.536787311294152208e-08
3.699999999999999956e-01,1.000000000000000000e+00,1.437854143029440479e+00,8.672650757372498548e-03,8.672626642562930935e-03,2.532525959447041688e-06,2.196371318026389930e-08
3.699999999999999956e-01,1.000000000000000000e+00,1.500000000000000000e+00,8.694693156079664684e-03,8.694693168748136858e-03,2.179183206194848593e-06,1.894732930874608992e-08
3.699999999999999956e-01,-1.000000000000000000e+00,1.000000000000000056e-01,-8.579196550177331515e-03,-8.580077558185413011e-03,4.632690105732430451e-05,-3.974475897314032532e-07
3.699999999999999956e-01,-1.000000000000000000e+00,1.043221252497575080e-01,-8.904171640557465364e-03,-8.905082409095644441e-03,4.620472784644193728e-05,-4.114148273499641455e-07
3.699999999999999956e-01,-1.000000000000000000e+00,1.088310581662609300e-01,-9.237357449128411405e-03,-9.238298218025773473e-03,4.607224353696001646e-05,-4.255857820341959245e-07
3.699999999999999956e-01,-1.000000000000000000e+00,1.135348728108431654e-01,-9.578402171411728311e-03,-9.579373067085570140e-03,4.592862327273382350e-05,-4.399228248855048775e-07
3.699999999999999956e-01,-1.000000000000000000e+00,1.184419922158806843e-01,-9.926861543295688317e-03,-9.927862561026767549e-03,4.577298447152584020e-05,-4.543820792722605767e-07
3.699999999999999956e-01,-1.000000000000000000e+00,1.235612034677590898e-01,-1.028218833219195043e-02,-1.028321931673276818e-02,4.560438432133479924e-05,-4.689128683656261747e-07
3.699999999999999956e-01,-1.000000000000000000e+00,1.289016734417433585e-01,-1.064372129504934615e-02,-1.064478191953869592e-02,4.542181748041605337e-05,-4.834571659761489874e-07
3.699999999999999956e-01,-1.000000000000000000e+00,1.344729652169289191e-01,-1.101067371843780437e-02,-1.101176346162953922e-02,4.522421406275413478e-05,-4.979490652177723082e-07
3.699999999999999956e-01,-1.000000000000000000e+00,1.402850552006674190e-01,-1.138212170239351340e-02,-1.138323982425353161e-02,4.501043800588160960e-05,-5.123142832609829064e-07
3.699999999999999956e-01,-1.000000000000000000e+00,1.463483509931317317e-01,-1.175699240560416914e-02,-1.175813792138775439e-02,4.477928593488877560e-05,-5.264697246648648867e-07
3.699999999999999956e-01,-1.000000000000000000e+00,1.526737100240096179e-01,-1.213405253568081849e-02,-1.213522418867491251e-02,4.452948665525615957e-05,-5.403231304617761929e-07
3.699999999999999956e-01,-1.000000000000000000e+00,1.592724589946988845e-01,-1.251189744533106121e-02,-1.251309367853596644e-02,4.425970142771695932e-05,-5.537728452245673456e-07
3.699999999999999956e-01,-1.000000000000000000e+00,1.661564141608184442e-01,-1.288894128343629798e-02,-1.289016021056845103e-02,4.396852520055634058e-05,-5.667077396292598510e-07
3.699999999999999956e-01,-1.000000000000000000e+00,1.733379024913548339e-01,-1.326340874892818246e-02,-1.326464812525400376e-02,4.365448899830012358e-05,-5.790073313100429645e-07
3.699999999999999956e-01,-1.000000000000000000e+00,1.808297837423337162e-01,-1.363332910365930122e-02,-1.363458629731923236e-02,4.331606369016514473e-05,-5.905421517630883956e-07
3.699999999999999956e-01,-1.000000000000000000e+00,1.886454734845430248e-01,-1.399653321563597459e-02,-1.399780518028837135e-02,4.295166538625498100e-05,-6.011744112455998392e-07
3.699999999999999956e-01,-1.000000000000000000e+00,1.967989671265430451e-01,-1.435065452186950856e-02,-1.435193777167612095e-02,4.255966273331681016e-05,-6.107590164531140564e-07
3.699999999999999956e-01,-1.000000000000000000e+00,2.053048649759813549e-01,-1.469313491447118980e-02,-1.469442550265524262e-02,4.213838640362409254e-05,-6.191449965065671956e-07
3.699999999999999956e-01,-1.000000000000000000e+00,2.141783983840887806e-01,-1.502123665565733256e-02,-1.502253015808824310e-02,4.168614108849293305e-05,-6.261773905513733124e-07
3.699999999999999956e-01,-1.000000000000000000e+00,2.234354570201737278e-01,-1.533206150518153822e-02,-1.533335301066889728e-02,4.120122031988713153e-05,-6.316996440330448771e-07
3.699999999999999956e-01,-1.000000000000000000e+00,2.330926173249537325e-01,-1.562257828202795289e-02,-1.562386239122858823e-02,4.068192444678100591e-05,-6.355565493333829928e-07
3.699999999999999956e-01,-1.000000000000000000e+00,2.431671721936762010e-01,-1.588966006188479232e-02,-1.589093089692659652e-02,4.012658208410376523e-05,-6.375977487617254288e-07
3.699999999999999956e-01,-1.000000000000000000e+00,2.536771619421803736e-01,-1.613013211016105231e-02,-1.613138333724153245e-02,3.953357532723918047e-05,-6.376817928153714566e-07
3.699999999999999956e-01,-1.000000000000000000e+00,2.646414066113516039e-01,-1.634083144106655144e-02,-1.634205630836816150e-02,3.890136897965099750e-05,-6.356807133232120273e-07
3.699999999999999956e-01,-1.000000000000000000e+00,2.760795396678142333e-01,-1.651867854848023537e-02,-1.651986994172297343e-02,3.822854397017156063e-05,-6.314850292197063893e-07
3.699999999999999956e-01,-1.000000000000000000e+00,2.880120431612111509e-01,-1.666076134603420092e-02,-1.666191186382241091e-02,3.751383503438881492e-05,-6.250090526824487928e-07
3.699999999999999956e-01,-1.000000000000000000e+00,3.004602844010243468e-01,-1.676443065760330198e-02,-1.676553270837384188e-02,3.675617259587833624e-05,-6.161963067225011765e-07
3.699999999999999956e-01,-1.000000000000000000e+00,3.134465542186142262e-01,-1.682740569914320874e-02,-1.682845162094404740e-02,3.595472860259269610e-05,-6.050248049984156385e-07
3.699999999999999956e-01,-1.000000000000000000e+00,3.269941068829917974e-01,-1.684788688734050605e-02,-1.684886909082127307e-02,3.510896584736798915e-05,-5.915118853279568530e-07
3.699999999999999956e-01,-1.000000000000000000e+00,3.411272017418006119e-01,-1.682467202145272039e-02,-1.682558315530160997e-02,3.421869002689223644e-05,-5.757182367062170316e-07
3.699999999999999956e-01,-1.000000000000000000e+00,3.558711466620742558e-01,-1.675727046558880481e-02,-1.675810360218989506e-02,3.328410347117970560e-05,-5.577507240712015439e-07
3.699999999999999956e-01,-1.000000000000000000e+00,3.712523433485573343e-01,-1.664600850421170744e-02,-1.664675734153941641e-02,3.230585911039654128e-05,-5.377636054875260853e-07
3.699999999999999956e-01,-1.000000000000000000e+00,3.872983346207417577e-01,-1.649211769727203930e-02,-1.649277677103889658e-02,3.128511284831218641e-05,-5.159577632668022568e-07
3.699999999999999956e-01,-1.000000000000000000e+00,4.040378537332751097e-01,-1.629779701879863554e-02,-1.629836191673650694e-02,3.022357209949903231e-05,-4.925776432606608972e-07
3.699999999999999956e-01,-1.000000000000000000e+00,4.215008758280593404e-01,-1.606623906800871276e-02,-1.606670663605545141e-02,2.912353784722217896e-05,-4.679057215596713040e-07
3.699999999999999956e-01,-1.000000000000000000e+00,4.397186716101729176e-01,-1.580161097217137184e-02,-1.580197950048924452e-02,2.798793722709832336e-05,-4.422544959761604530e-07
3.699999999999999956e-01,-1.000000000000000000e+00,4.587238633437344948e-01,-1.550898203534349824e-02,-1.550925141079723991e-02,2.682034338447532136e-05,-4.159562237315715940e-07
3.699999999999999956e-01,-1.000000000000000000e+00,4.785504832679771670e-01,-1.519419296064740237e-02,-1.519436477195068927e-02,2.562497924655681550e-05,-3.893508792847693415e-07
3.699999999999999956e-01,-1.000000000000000000e+00,4.992340345381389710e-01,-1.486366570741844660e-02,-1.486374328994831059e-02,2.440670195517539938e-05,-3.627730588823233448e-07
3.699999999999999956e-01,-1.000000000000000000e+00,5.208115548002949513e-01,-1.452415866653009903e-02,-1.452414707608946746e-02,2.317096508525507892e-05,-3.365387733548738936e-07
3.699999999999999956e-01,-1.000000000000000000e+00,5.433216825139731698e-01,-1.418247849882187106e-02,-1.418238440755478433e-02,2.192375648253579276e-05,-3.109332049269704851e-07
3.699999999999999956e-01,-1.000000000000000000e+00,5.668047261413169391e-01,-1.384516699052563103e-02,-1.384499850370001124e-02,2.067151062884313258e-05,-2.862005166027586782e-07
3.699999999999999956e-01,-1.000000000000000000e+00,5.913027363266896153e-01,-1.351818758078537908e-02,-1.351795397990778434e-02,1.942099588910609583e-05,-2.625366654345979337e-07
3.699999999999999956e-01,-1.000000000000000000e+00,6.168595811959725062e-01,-1.320664046105611382e-02,-1.320635188608166623e-02,1.817917877038281507e-05,-2.400858778977100290e-07
3.699999999999999956e-01,-1.000000000000000000e+00,6.435210249103920921e-01,-1.291453589547643388e-02,-1.291420298571234297e-02,1.695306932936702400e-05,-2.189410223926110226e-07
3.699999999999999956e-01,-1.000000000000000000e+00,6.713348096155424827e-01,-1.264465150715391242e-02,-1.264428502560105416e-02,1.574955393467901456e-05,-1.991476208971408246e-07
3.699999999999999956e-01,-1.000000000000000000e+00,7.003507409323472821e-01,-1.239849035984450128e-02,-1.239810082799565685e-02,1.457522349252986220e-05,-1.807107679647106104e-07
3.699999999999999956e-01,-1.000000000000000000e+00,7.306207771430480724e-01,-1.217634371340575727e-02,-1.217594108214164680e-02,1.343620669927144785e-05,-1.636038709746942246e-07
3.699999999999999956e-01,-1.000000000000000000e+00,7.621991222319222103e-01,-1.197744789126015293e-02,-1.197704126847798020e-02,1.233801859664642037e-05,-1.477779748227312277e-07
3.699999999999999956e-01,-1.000000000000000000e+00,7.951423229473382204e-01,-1.180021238390572755e-02,-1.179980983190719729e-02,1.128543441495378884e-05,-1.331705229410935820e-07
3.699999999999999956e-01,-1.000000000000000000e+00,8.295093700589535324e-01,-1.164248927802483992e-02,-1.164209768528660059e-02,1.028239723332335698e-05,-1.197126995413594573e-07
3.699999999999999956e-01,-1.000000000000000000e+00,8.653618039913759663e-01,-1.150185295348188884e-02,-1.150147797803377503e-02,9.331965363810555054e-06,-1.073348933815351222e-07
3.699999999999999956e-01,-1.000000000000000000e+00,9.027638250234443218e-01,-1.137586089739154975e-02,-1.137550697344752275e-02,8.436301785127961302e-06,-9.597019559603169819e-08
3.699999999999999956e-01,-1.000000000000000000e+00,9.417824082504592242e-01,-1.126226779333151275e-02,-1.126193818863889182e-02,7.596703840832725711e-06,-8.555611300208821570e-08
3.699999999999999956e-01,-1.000000000000000000e+00,9.824874235152266655e-01,-1.115916728966098032e-02,-1.115886419796697712e-02,6.813667381863989516e-06,-7.603485417032660491e-08
3.699999999999999956e-01,-1.000000000000000000e+00,1.024951760522670341e+00,-1.106504872177340761e-02,-1.106477337480865977e-02,6.086976256331297210e-06,-6.735268884458369934e-08
3.699999999999999956e-01,-1.000000000000000000e+00,1.069251459362054568e+00,-1.097878691392625318e-02,-1.097853970405633997e-02,5.415806138577881367e-06,-5.945898156258031845e-08
3.699999999999999956e-01,-1.000000000000000000e+00,1.115465846670542716e+00,-1.089961469412327119e-02,-1.089939531171107458e-02,4.798831517059240202e-06,-5.230541451796076351e-08
3.699999999999999956e-01,-1.000000000000000000e+00,1.163677677681911549e+00,-1.082711580888207417e-02,-1.082692340628434863e-02,4.234326238423331765e-06,-4.584554055599742075e-08
3.699999999999999956e-01,-1.000000000000000000e+00,1.213973284414793241e+00,-1.076120701072268843e-02,-1.076104039402296132e-02,3.720250949397110677e-06,-4.003439059829992724e-08
3.699999999999999956e-01,-1.000000000000000000e+00,1.266442730265795458e+00,-1.070204161972376430e-02,-1.070189944853985366e-02,3.254324391407276715e-06,-3.482791508092288274e-08
3.699999999999999956e-01,-1.000000000000000000e+00,1.321179971284331733e+00,-1.064987768352403281e-02,-1.064975866444241304e-02,2.834078963169030640e-06,-3.018259430319878789e-08
3.699999999999999956e-01,-1.000000000000000000e+00,1.378283024417950919e+00,-1.060509435311279315e-02,-1.060499744921378044e-02,2.456903562841873816e-06,-2.605569410043705770e-08
3.699999999999999956e-01,-1.000000000000000000e+00,1.437854143029440479e+00,-1.056837669212790098e-02,-1.056830136525669338e-02,2.120078051666783000e-06,-2.240578346672716053e-08
3.699999999999999956e-01,-1.000000000000000000e+00,1.500000000000000000e+00,-1.054074920898646558e-02,-1.054069562161127904e-02,1.820803734600036437e-06,-1.919263552520493755e-08
